Id, Name,Year,Rating,Released,Runtime,Genre,Director,Writer,Actors,Plot,Language,Awards,Poster,imdbRating,imdbVotes,imdbID,BoxOffice
1,Bladerunner,1982,PA,25-Jun-82,1h 57 min,"Drama, Mystery Scifi",Ridley Scott,"Hampton Fancher,David Webb Peoples","Harrison Ford,Rutger Hauer, Sean Young","A blade runner must pursue and terminate four replicants who stole a ship in space, and have returned to Earth to find their creator.",English,"Nominated 2 Oscars, 12 wins and 19 Nominations Total",https://m.media-amazon.com/images/M/MV5BNzQzMzJhZTEtOWM4NS00MTdhLTg0YjgtMjM4MDRkZjUwZDBlXkEyXkFqcGdeQXVyNjU0OTQ0OTY@._V1_.jpg,8.1,"729,000",tt0083658,N/A
2,Aliens,1986,R,18-Jul-86,137 min,"Action, Adventure, Sci-Fi",James Cameron,"James Cameron, David Giler, Walter Hill","Sigourney Weaver, Michael Biehn, Carrie Henn","Fifty-seven years after surviving an apocalyptic attack aboard her space vessel by merciless space creatures, Officer Ripley awakens from hyper-sleep and tries to warn anyone who will listen about the predators.",English,Won 2 Oscars. 20 wins & 23 nominations total,https://m.media-amazon.com/images/M/MV5BZGU2OGY5ZTYtMWNhYy00NjZiLWI0NjUtZmNhY2JhNDRmODU3XkEyXkFqcGdeQXVyNzkwMjQ5NzM@._V1_SX300.jpg,8.3,"680,817",tt0090605,"$85,160,248"
3,The Goonies,1985,PG,07-Jun-85,114 min,"Adventure, Comedy, Family",Richard Donner,"Chris Columbus, Steven Spielberg","Sean Astin, Josh Brolin, Jeff Cohen",A group of young misfits called The Goonies discover an ancient map and set out on an adventure to find a legendary pirate's long-lost treasure.,"English, Spanish, Cantonese, Italian",3 wins & 6 nominations,https://m.media-amazon.com/images/M/MV5BODRlMjRkZGEtZWM2Zi00ZjYxLWE0MWUtMmM1YWM2NzZlOTE1XkEyXkFqcGdeQXVyMTQxNzMzNDI@._V1_SX300.jpg,7.8,"257,805",tt0089218,"$63,192,596"
4,The Lostboys,1987,14A,31-Jul-87,1h 37 min,"Comedy, Horror",Joel Schumacher,"Jan Fischer, James Jerimias,Jeffrey Boam","Jason Patric, Corey Haim, Dianne Wiest","After moving to a new town, two brothers discover that the area is a haven for vampires.",English,3 wins 5 nominations,https://www.google.com/aclk?sa=l&ai=DChcSEwiC35L1pKj0AhUzCecKHUGABWwYABAFGgJwdg&sig=AOD64_12Ymi2wASqcoyOqzCSJvqwER6rwQ&adurl&ctype=5&ved=2ahUKEwiCuIX1pKj0AhV1IH0KHVSQCHQQvhd6BAgBEEk,7.3,"134,000",tt0093437,N/A
5,Man Bites Dog,1992,18+,04-Nov-92,1h 35 min,"Comedy, Crime, Drama","Remy Belvaux, Andre Bonzel,Benoit Poelvoorde","Remy Belvaux, Andre Bonzel,Benoit Poelvoorde","Benoit Poelvoorde, Jacqueline Poelvoorde-Pappaert,Nelly Pappaert",A film crew follows a ruthless thief and heartless killer as he goes about his daily routine. But complications set in when the film crew lose their objectivity and begin lending a hand.,English,6 wins 5 nominations,"data:image/jpeg;base64,/9j/4AAQSkZJRgABAQAAAQABAAD/2wCEAAkGBxAQEBYQDxAXFxYYFhYWFhYWFxYWFhYWFhYYFxYWFhYZHikhGR4mHhYWIjIjJiosLy8vGCA1OjUuOSkuLywBCgoKDg0OGBAQGCweHh4uLi4uLi4uLC4vLiwuLi4uLi4sLjAsLi4uLi4uLiwuLCwvLi4uLi4uLi4uLi4uLi4sLv/AABEIAQMAwgMBIgACEQEDEQH/xAAcAAACAgMBAQAAAAAAAAAAAAAAAQIGBAUHAwj/xABOEAABBAADBAYEBw0GBQUBAAABAAIDEQQSIQUxQVEGEyIyYXEHQoGRFDNScqGxshYjJDRDVGKTs8HR0vAVZHOCksJTY4Oj8USitOHiJf/EABsBAQEAAgMBAAAAAAAAAAAAAAABAgQDBQYH/8QAOxEAAgECAgYGCAILAAAAAAAAAAECAxEEIQUSEzFBUTJxgZGhsiI0QmFysdHSFFIGFSQzQ2KSosHh8P/aAAwDAQACEQMRAD8A7CkpJLMxEkpJICKE0igEkpJICKRUkkBEpFSKSAihNJAIpKSSAihNIoBJJpIASKaSASRTKSAVIQhAbRCaSASSkkgEkmhARQmkgEkmUICJUVJIoBJFNJAJJSSQCKSaSASSkVFAIpJlCASSaSASEIQG0QpIQpFJSSQhpOkO3/gjo29Vmzgm82Wtarulaj7uN34LvqvvvPd6vgvH0j96L/Dd9pVIrVnUkpNXPWaP0bhq2GpzlBNtZu8ubXCSXDkXL7uCd2F5flOe71Uh04/uvj8b4X8nwVFndIO7lrKd99/TKNOG+yo9ZLybVs+VdV2+G8HcsdpLmbL0Zg0/3Xn+8vp6b/3X/uHlfyeSPu1/uvL8rz0HqKkl1AnfXs4Lybjf0He9vLzTaT5iWjMFHJ013z+8vX3bf3Xx+N8L+QpfdnZr4LrYHxvE7vVVFZis2mUjxJb7hROqk/EhtgtOlaitbrx8VdpPmT9W4G19Rd8/uLr92o/NT+tPK/kckx00H5qeP5U8BZ9TkqFicRbeznaeYDSRuO4n+rUDM6+/JvcayR7q0Hs3q68uZhLAYJbqS75f5mdCPTKt+FP63wzfI5aqJ6Zj81P63/8ACocOKoBpDyQNSQ0XW/caWTHKHeB5Hfoo6kuZnDRuCl/DXfP7i6DpiN/wU76+N4767iB0x/ux/W8zQ9RUp0haHENLq1obzoNAj4Qbrqn72jcPWF3v3DcVjtJ8GJaMwSdnTX9/3F1HTC//AEv/AHDyv5HIFZOzOkgnlEPUZc2btZ7qmuduyC93NUWCTMLylu/R2h0NLb9Ez+Fs/wCr+zkSNWbazOOtozCRozmqayjJrOXBXXtF8CEmHQeSa3Tx4kk0kAIQhAbZJCFCiSTSQhSPSMO1H/hu+0VTZ4S7iRyIJB+pXf0gNuSKvkH7S0WI2T1DQ/GzMha7uh1ukd5RNs8Rd1S1pRbk7HscFXpUsDSdWVlZ9vpPln3FfOEd/wAR3+o/wUjh3XeY+WY19Sz8TtDZrSA2aeS95bE1oA5094JUoukODaAGYFzzpbpZSLPgxgqvaipSMamlsHFZa0upNfOxhvicQQDR01FfvXm2GX5Z9zOS95Ok2Kv702GIXuZDEfe57XE6cyszZnTbEMdWKDJ4tM0ZijZpoMzCGjXwIry4ZKizVnpyLeVN/wBVvCxr44ZBZc69N1NH1LHnwji4kMJB/wAOtWgXqL4fQr5h/SLgGRlvwZ7BrTA2PK4m9ND+5V3bPTDDz06PZ9OAFkOojXiGN7Q86KbJoi0zTm9WcGlzvd+P1K+/COArJQvmzlw0rVBg4ZRW/wDJnXcd7eNArMb0jDWtacFEXesS6azrwAf2dPNZkW3MC4dvDzscSdIpInNABNVnFnhvTZszWk8K37S7F9TUDDkndqQbFR3dc8vHepjCvDgQzj/yhoNOAvVbb4dgi7vzsbpq+KN32ZP3LCx+1oB+LZnHi6Voaw+TWOJN+JCbORyvSGDSvrvud/FK3eSkw4fo7gb3nfQ5Ec1H+zxwA48XcRr6y8tkwbSxj/wSVrCCQGslEJ017ubM8eJtZ+0I9vYBpdNmfGLOdzYsS1t7yXOa5zfbQU2L5mvPTdJyvsr9qT+T+Z4Q4INNj/cfdbit30Ub+Es/6n2Hqt4LpxO34+DDTiq7UTI31fB0YFe5Wbov00ixGLbhm7PiiDw8MeDmkYRG9xJJb2rAI4Vamxae8lTTNKVKUI02tZNb1xTReWDQeSaG7h5JraPOEUlJJAKkIQgNqkpJKAjSFJJCnO/SptufDOgZAQwuY8mQNHWinVlY89wa61R8VzDDRyTyG3WTbpHvJOmluc479/mVf/TRXW4exf3uT7YVK2LI95OHjjBdKWgChV61dbgLUKZ2HdhYxQD3bwXuFcQLDQeVmvLVYr9pRkd3KdBpXdHMcz/Fd4wWw8NBhG4Z8bXMa0ZszQczvWd5kqp7Z6J7LJe5oy1qQDoDyFq3uDm8MocNDrv4EVw+opOe0Dfr/VpbXwjMNOGt7hsgXz4aeIUDO2u63cRdWd45lUqHFI06nx013e0pPcT3AcvLUhbPYWwMVjWSOwuU5KzNzNY42CRlHsI1oLY43oVj46MvVsBcACZRTnONZQBrfEncBZ4FLluVt7+yQG0eZFUPNeABNADU6DmfAc1d8HsDZUADsftBsjv+HASW+ILmgk63r2VmDpxgsIC3AYBo4B7iGuPiaBcfa5CFd2P0K2jiRYhyN+VNbBXgCMx9gVz2V6LohTsXO6Q/JjGRvtJsn2Uq1jfSHj5LyyNjHJjAK9rrK1EfSTFuka52IkcczaBc4g9oEaX5KZg7dsvZeFwURbBG2NgtzjfhqXOcb96wNpdImxODHNjpw7LJJRHK8H5MRadD+kQfAKG1ukMTcKcQQ4sZMI5Ggah7XVR8M2T2FfPO1sdJiJ5JpnEve9xcT57vADcB4LEh0/0gdD42xf2hgosje9LFlAyg+u0cBe8DTiFW+g0pO0cPf/O3cfvEv9exX/YMcknR0/CDd4aWrN9huYxE+IFe4LnnQGT/APoYcf4o0FfkJT/XkqDs0XdHkFJRi7o8gpLIxEkmkgFSEIUBtkFMqKFEkmhAcm9NbgJsNf8Aw5fthV3oHs8TYqN/WEZJobaG6Frnhuhvfmy6crPq62T02OqXDa/k36XXrtVY6EY5mEx0L3Nztc4Nc0+oS4ZJATuLXfQXc1CnU+mPTUYJxjfhJnNIcBJQa0uA4A94CxqqntPpMYMsMuFLM7WydkW7K8ksDs3hXiF0vakDpJoQMOyRoLi976IjGndad7j9FLnnSnH4efHOkaC9rcrHmqALbHZveN/vVQKRtuUSzNlboKce0OAofvWJHKS3+Aq/ctxtTFdY4lrK1rQaBu+hz1+pYk+xsYIut+DStjAzGQxuDcu+yTw8UKix7J2u/DYQHDP6t5BzENaXO7Whc5wJ5ihQFLVbb6Q4vFtqaW2hrWUABYBDtfEkAnnQ5L32bs/Ez4UdTC5+hGZrZTRzE7wzKT5OO9a2TZWIaQ0xPs3QyPs5QCTRHC1ci2MUMoX7kPAPLd9SWIZI0kO0reCCCPesfK8+sBpy5e1AerASa4+On0rI2fhc5zEkNaW2acRmJGVmZoIaTrV6aLXZ5OY93/2vXD42eLuPrVri2jkcWG25m3Rrx5qEO4YDYuGxeDxMbc7W4h7s9mw2RmVoezTmxrj42qSzoS6OYDGbP+EFtnrYZxG2RrdAZo3ag7rLa9q0+xekONi6ud+KeIpJpg6GMANztjDxV3QLnDQcl1vontCOXCRSCQuL25nOcO0XHvDjuOnsQh47bic3ZMzXMbFUDw1jNWsAbTWg1r5+K5B6PmAbRgJ33L/8ea/Aq7+kvEYmPK6PFPEMrXxui7OUgVmOovWyNFUugzG/2hBR3GU6jX4iQfUoDr8XdHkFIqMXdHkPqUiqYiUVJJAJCEIDbJKSSFEkpJIDk3ppvr8NrX3uT7YXP81tINk5TXD6ff8AQr/6bXAT4Y8erk0/ztVCw8WcAg6k0G+J030iKds6TbWgZg4nylpkfCHR5ouuJtrS6gdBw1XGp9pZbLX3rRPar3HS11uPpJgzsp03VvyQj4NGHWx0xYAwZXNN5HFpuj6jr3ELjEkRe4mgNeAoCzZDRw4UoC1+i2JuK2kBOLbHE+YNNU5zXMaLHGs9+YC6DtXpXiGZiyJuXNlaCCS4a3apvokjYzaGg3wyDxOrDV+y/Yul7c2dnDZY8oEZzZMt5yDdXegPNFYFHl6cTRxSw5WwGORojDQ4nL3nM7V1w4DTRafa3S7FTYmJzXnTOIi0U5pLB1ug1OgJrU0t5H0UG0MbiZJHmOASNectBzi9gdl10bQIsn/xc8Mdn4JvVxhjaGtdpxvm86n3qg4XtHEtZLIZwZC5xILS5o1NneAfYQpYfZUs0BnjikyUQ09mtN93qRv1C3nSjAM+HtZQyuiMhB8Xmj9SsmxOjeIxcTWWYYBGWh1CyaNZG8rN2f8AxSnKoogdHOI8bBUXM0JEt+wrO2tgnQTPhLg7q3ujzAUHAGsw8DoVidTXe000vn7FGDc9GIW4yB+CErI5xI2fDF5yte8DK6OzzFEeS6F0RweJhuN+AxERNl4EsIwubi9riesjB3kNB8FyA4Z3hftWy63EvjyGeRwsdkveW1VbkIWv0lbWimnjw8Mgc2LNncNWZjQyM50GizZskrX9BMOBtGElwsCUgAGzcEgGt6ceHBVtmGynt1l9v8FY+gMN7QieCNOs4k/kJd2nioDscPdHkFJRh7o8gpFUxEkpKKASEIQG2QmkhRIQhAcs9M7R1mHs/k5B/wC4a/R9K53hiMwDXbml5dyIBoj2loXR/TG8NlgcQD96kGvMuFUuc4WTLBLIe9JoPIaae0n3KIps8Xt/r8Jh8M1mWOBpGp1kkdq95HAWTXzitWx43nzvkAsYvytDR7fNRmdYrnV/TQ/egLV0BxDWYl20J5DHBhw1rq1LnYgmJjaO8UXPPLIupsxGOlEuHw/VdiqfIXatfdaNBuqP0LkuxIet2XjIW9+N8OJr5UbLZIf8oda6V6K45H4YYh77FGJg4lrSKLvI2B7fBAYmzehe02RzRyYuKpJBIKzut2UNJJoVuHPcsDafR3HQNb1j4yB62c6nfxbYVs2l0uDSWxN1Glk/uVQx22nvcXzPu7ocBy03LNXBWMecXLiCQzM8NZHm9QNG4Bxq9TwXR8djphg/g+HaXPYyjl4Na3w4mtyqWw45sXNliGnrOrRo8+avG3MWzAYUth1c0W4jVx+ceF2gOOY6VkjSc2tHXxu/3rHfOSOzXt/dY0XnGyjwrjom+Mnc36eSxKeLWOJ1c0a7s30rLbFW+jWuhBBWGIXbgPYsnqHZToeGn8PehBzOsg1VDXUEk+C33o9jPw+PTQCQ3Y0+8yDmqyYnHe0qw+jt+XaMTa7wlHuhkOnuRg7ND3R5BSUYe6PIKSGIkk0ICKE0IDaJKSSIyBJNJCHIfTmT1+Gbzjk+21c9nflYGDhR939FdA9OT6xGGP8AypfttXMXSk71iU9Wmypvfrfl9S8WnhzQSgNx0e24/BYhs7BdWHNO57HaOaeYIXZPRsYAyZ2ElvDuc2RsTr6zDvcCJI3c26NLSPHzPA9Vb/Rjt92Ex8bHSVFMRFI0ns27SN3gQ4gXycUB23aGEwRuSWGNx3kljST581qcS7ZTI8wghJ5ZW2F77Vk2aXObK0WLDqc5mo390hVDbEWy8lxZrs/lHED2Em1kkDJ2ViXSOczBtA5kABjVDpLio8JhpoHvzuljc0k/L4EeA3+xV2Tpa3CsMWHq63D/AHFVTHbQdO4vleSfZQ15FZNgjm36jyXtBod+uv1LJ2Z0bxOKt7WiOMCzLNccQvk894+DbW2l6OYOAi8U6dw3iNnVsuj67i4nhub7Vxymo72bGHw1Wu7UouX/AHF7ka7BYOTEOa2CMvcPVjFuri419assfQfaDh+L1mA70kYq99gOu9foXnFtZ0berwobAw7xFbXOrcXvPbefMr2O3sXly/CJa3d99+/euF4iKe47aH6P13G8pRT5Zv5I9h6OZxbppoYmDfbiavdegFE+KlsLopJh8dFNHJHLEzrA98Tg7JcUgAkbvbrx1C1D5nuJLnEk6uJJJJ5knett0TefhTBZGkg0JFjq3GjzFge5YrEXaVjOroHZ0pz2mcU3u5K/WdDh7o8gpJQ90eQUito84RSKkkgIoTQgNnSaSFCiKE0lSnKfTDsyTEYrCsaMo6uXNK6+rYLB7RA38hvJ0Cr+F2VgIQW9R8IJFdZOXt8yxkThkHmXHx4K8+ko9uH5jvtKmLUq1ZKVlkeo0VoqhUoRrVVra3Dgs2u3dxISYfCkjLg4WtHqgPs+by7P7nBRl2Ds6fRofhXaU5hdPGd1h0cjs45gh3HduU0LijVks7naVdEYSpHV1NX3rJ/77UzWbV6CTRvrC4mDEtIFFssUL9eBjkfpw3E70O9HG1Oz1cLJLu+rmiOQgX2yXAD2Wltnar4C0NaDmBOt8K/iobP6Vlgc82x4HZ6skFwOlWNy2FOTV7Hna2jsLCo6W3cZLnHLdfeemO6PbZgsy4Wd2lktHXVpvtmbxWBh9kbRmDjHhcS4Dfccm6+HZFnyWdhunuNL2jrHAucG31snEgc1tdrdMsZhQ3JPIXOJ0c9zhQ3nU+IWTm7pW3mvHAQnSnVjWWrG1/Rlx7DSYfobtEtzuwkjGk1mkyxgdoNtweRlF8wrFs7AYTBODsoxUw4yD8HYeccehkP6Tq5gKu47p5jJj9+7Y5Fzq9jd30LM2vtEwxtkYA7M4DW6otJvTyWM5z3LibeAwmDcJ1as9fUzaSaWfc5fI3O0NpTYh+eV5J4A91vg1u4BYq0LOkRMTnZRnaR2bNFpNWPJZGxtrOne5rmAU29CeYH71wOnLNs7+hpHCtwpU30tySy49i3G2CmkFIhcTOwYlt+iv45H/n/ZvWppbbooPwyPyf8As3qw6SNbF+r1fhl5WdGh7o8gpJQ90eQUl2h86IpKSSgEhCEBskFCFCiQmkgKH6SvjIvmO+0qYrn6SfjIvmO+0qXS0avTZ73RPqVLqfmYqSU0lxnYlb6Xd6Pyd9bVr8Bsl8zQ5pFZy136NAHN47/qWy6VFuaPMCdHbiBxHMFY+z9q/BmBvUOyuJcCX6mqBrs0dy2431FqnkcVChLSFR13aOW6+WUbXsnZcDVYH41nz2/aCzOkOJz4h1bm9kezf9NrxlEcUgyZiBkc0kgXYDhYy+KiXMbJZa52V3Fw7VHj2eKz3u5113CjKjdK8ld5vcmuC7TxndGQ3ICKaA661dZsjw1+hbLFYnPgoxxbJl9ga4j6CPcnjtpsmjIMAbTm0WkA6h36PgsONuZpDYZHCwTRvVoPJn6SnK/A5U1Cc1TkpKcWsoteFm8rGJXHh/X8Ct70T+Nf8z/cFjyuijL8PEx0mYtaSSAQ9t1kAbvsrYdGIMr39hzSAAcxHE3uygjcpN3gzm0fQ1MZTs72bva9k88r2s8s/AsDd69F5hTWkz2bBbfor+OR+T/2b1qVt+ig/C4/KT9m9ZR6SNbF+r1Phl5WdGh7o8gmiHujyCa7M+dEUipJUoCNoUkIDZIQhQyEhNJAUL0kfGRfMd9pUxXL0k/GRfMP2lTVo1emz3eiPUqXU/MxISTXGdkVnpd3ovJ31hafEluVlSFxynMDdN10DfDit50qkLXR1W529rXcRzBWkZi3A2Mt/wCHH/KtynfVR4nSjj+Lqpvfbhuyj70LaElvvKG9lmg3DsN3eC2XSjCsjkbkbVhxO/U2srZOPjnflnijLzuflb2qG43xofQsHa+1utd2WtyjQEtBcRzsjQKK7kstxlUhQWGqT2ik6jVss007u/LJr3d56Y7DMbgo3tbTnObmPPR68NkYhkZDn4hzQHWWBryHChqaNeG7goYbajmgNka2SMeo5rdPFumh1Wz2ticPG1vVQxlzmhwJZoGnca5+CZrJ53M4ulO2IpyUdnGKaae/mtVq937+vIwdq/B3Pe6N5Dg49kiw43q5rhu1vQrYdGMbI8uY8lzQ0EE6kG9BfHS/cq/LiXOOZxbfzWD6AFZ+jmKke0gsaGD1mjLbuVDQ+fkpNWiNHVlVxusnq3u7JOz37/Sdvl1XZuwvReYUitZnr2SW26K/jcflJ+zetOFuOiv45H5P/ZPSPSRrYv1ep8MvKzo8PdHkFIqMPdHkFJdmfOyKSkkoCKE0IDZJIQoZAkmkgKF6SfjIvmO+0qWVdPSR8ZF8x32lSytKr02e70R6lS6n5mFpFBSXGdkkVzpf3ovJ31harDYljY5GOZZdlynTs1dm96s+19k9eWnPlygju3d14jksiPo3hWYQsz55pMpL8ldX29GtvcA0a1vLxZptLZhKOqk2eTx+DxX4uVSnC6lknk/ZSd+XHN/MrOxtkSTte8OyMZpmIJzyFpLYmDi4gEn5LRZ4A42z4HkiTIC1ud5zaNIiDXPB/wBTBu1LgF0+PBYaERYVjgBHbC6rc+Uu++yOc7sta4hu7gGg6NFa1+Aw7gM1VlDXN1yOOeWUg5dQDIISa3hgCy11exqLR1ZUozgnrXva3Dhbg3l4ooG0MQ2SQvawMBrsjy3pYuB7MucEWxrhfyTdf14q44Xo9h2zNlzWA0uyOrL1jS7LY5GmOybt41Gi2+0o8Himhs0TrBc7rGuqQDlddsuAbq69/tRTjzK9HYmanKcXrPPK3Pj18LcfGiR7RLIGtjZRzODnFjXNdxqyN4BGi2HRrHPe4xmsoaSAGtaAcw5DxK3e09h4SWHqsM18eQukFutoLsofoSS6w1g1Nit+q1+yNjnDuLjJmttVlriDzPJYTcdV2N3A0ccq9PXTUY2TzW62WSfHK/PibZei8QvQrXZ6dkltuin43H/n/ZvWnW36Jfjcfk/9m5I9JGti1+z1fhl5WdJj3DyTKI9w8kyuzPnZFIqSSgEhCEBsEkIUMhpIQgKH6SB98i+Y77SphCvfT3AzSyRmKJ7wGEEsY5wBzcaCqx2LivzaX9U/+C06i9JnttFVYLB005LJPivzM1dKLnACyaW0/sTF/m0v6p/8F4P6P4zUjDzXyyPr7K47HYSrwSyku9fUwjK3mF5dde7L4W4arO+5/G0Pwabx7Mn8qY2Bjfzabw7Mv8qzsjgeIvxXevqa8Yg16vsPHj+5MzO5N9+um9bD7n8bX4vNx9WTl81P7n8Z+aze6Tl81MjBVr+14muGIP6NeaTcSeOX3n2/vWxd0exlaYWb3Sfy+SY2FjfzaX/RJ/KmQ238/iYTMc5oIGXtNym+WYHQ8NWhPrm8SLq/otZx2BjLP4NN7pP5VA7Axtfi83H1ZP5VbIKtqu91n719THYQdRqF65V7M2Bi95w8/lkkI+ysr+x8V+bTfqn/AMFg0c6rRazku9Gvpbfom38Lj/zfs3rH/sbFfm0v6qT+C2vRjZuIZio3SQSNaM1udG8AWxw1JGmpCRWaOHFVYbCp6S6MuK/K/eXtg0HkmmBokuwPACSTQgFSE0IDMQkkoZEkKKEA0JIQgIQhBYSEIQWBCEkFhpISQWGkhJBZDISQhLiyAqKkkrcliKSkooBJKSEKRQikIQykJIUKNCSEA0IQqBJIQoAtO0ioqgkkkmoAQhJANJCEAJpJoBJJpIBJFNJCCKEJFW5QQmhAZCEIUKJCEIQEIQgEhCEAigIQqATQhAJJCEYBCEIBJpIRkGooQoASKEKoAooQhRIQhCH/2Q==",7.5,"40,000",tt0103905,N/A
6,Naked Lunch,1991,R,24-Apr-92,115 min,Drama,David Cronenburg,"William S. Burroughs, David Cronenberg","Peter Weller, Judy Davis, Ian Holm","After developing an addiction to the substance he uses to kill bugs, an exterminator accidentally kills his wife, and becomes involved in a secret government plot being orchestrated by giant bugs in a port town in North Africa.","English, Arabic",13 wins & 18 nominations,https://m.media-amazon.com/images/M/MV5BMTRiOTQ2ZWQtMmIwYy00Y2Y3LWFmMzgtNzgzZWU1MDhlOGJhXkEyXkFqcGdeQXVyNTAyODkwOQ@@._V1_SX300.jpg,7,"49,616",tt0102511,"$2,641,357"
7,Spaceballs,1987,PG,24-Jun-87,96 min,"Adventure, Comedy, Sci-Fi",Mel Brooks,"Mel Brooks, Thomas Meehan, Ronny Graham","Mel Brooks, John Candy, Rick Moranis",A star-pilot for hire and his trusty sidekick must come to the rescue of a princess and save Planet Druidia from the clutches of the evil Spaceballs.,"English, German",1 win,https://m.media-amazon.com/images/M/MV5BMjVjOGQ0OTctNDhkZC00ZGNiLWI2ZGEtYjZlMWZjOTlkNDlhXkEyXkFqcGdeQXVyNjg1MjEwOTM@._V1_SX300.jpg,7.1,"180,750",tt0094012,"$38,119,483"
8,Tetsuo The Iron Man,1989,18A,01-Jul-89,1h 7min,"Fantas,Horror,Scifi",Shin'ya Tsukamoto,Shin'ya Tsukamoto,"Tomoro Taguchi,Kei Fujiwara,Nobu Kanaoka","A businessman accidentally kills The Metal Fetishist, who gets his revenge by slowly turning the man into a grotesque hybrid of flesh and rusty metal.",English,2 wins,"data:image/jpeg;base64,/9j/4AAQSkZJRgABAQAAAQABAAD/2wCEAAkGBxISEhUUExIWFhUVGh4cGBgYGhgYGBwgGBcbHhofHhgYHikhGB4mHx4YIjIiJiosLy8vGyA0OTQtOCkuLywBCgoKDg0OFQ8PFy4eFR4sLC4uLCwsLjguOCwuLjg4Li4uLi4uLiwsLC4sLCwsLCwsLC4sLCwsLCwsLCwsLC4sLP/AABEIALQBGQMBIgACEQEDEQH/xAAcAAABBQEBAQAAAAAAAAAAAAAAAwQFBgcCAQj/xABREAACAQIEBAMDBAwLBAsBAAABAhEDBAASITEFBhMiB0FRMmFxFIGRoQgVIzM1QlJzdJKxshYkNDZicoKzwdHSU4O08BclJkNUhJOiwsPhY//EABYBAQEBAAAAAAAAAAAAAAAAAAABAv/EABcRAQEBAQAAAAAAAAAAAAAAAAABESH/2gAMAwEAAhEDEQA/AMNwYMGAMGDBgDHuPMe4CVuuXrqm2VqDzroBmPa2UntnSdJwg3CLgLmNCqF/KKPGxO8egJwqvHboNmFxUza65jPcZP0nX44UXmO7BB67EjYmGjtC6SO3QKNPQegwCP2iu9/k1aPzb+/3e4/QcFPgd03s21YmcsCm5Mjcbb+7EnZXnEayPUp1KrrSK5iGEguWCwsyxPdsDEmcSd7Q4xSClqh7AX+51aRKdOiQS+RpBFOg0TuUaJacBW34FdAK3yeqQ4kEIx07t4GhhWMHyE7YXTlq6JK9IyopkgggxWMKYIkw3afQg+mJutYcYUlC7BqQgqtalmGQVWygK0uwUVdBJy6bQMeJYcWUnpsZRWDCnVpMV6DF2VsjSXDVSQpliWgTEAK8OBXR2t6pB2IRiD6EGNj5HbCY4TcEEihVIWc3Y+kEgzppBVh/ZPocTot+JtTydzI1utWJpz0VJVCpnMDowCDuInSDj2yPE6qrVp1oFWsQh6tKnNUuXIAzDIcxzQYGuAhavAbpRPyeqRCmRTcjvAI1j3gfHHNPgl0wBW2rMG1Uim5BBEiCBrprixCz4tAUVidFAUV6RYqXWipAzyUz5VDbAyfU4bVKHE6UUC1RZ6gCdRY+4JFSIaICDQ+Y2mcBDLwW5Mxb1jABP3N9AxIBOmgJDAepB9MA4HdEAi2rGdopvroT6egJ+Y+mJxbPiXtGoUBprVzvWpouV3JUlmbQ56hOU9wLyQJw4PDOLZgpZjUV1+5mtSLylbpK3TLdy9Qxm2Mk7a4CuU+CXDJnWjUO+gRyYXdoA9kHSfUHHCcGuTmi3qnJlDfc37c/sZtO3N5TviztZ8ZafvnbmpwHpj2QxZVVW1BCsRlHd5TIlvcWHFKfUqM5zEFnArUmdlowGbIrksEiD6QfRoCE+0F3MfJa8zEdJ5kGCIjedIxzS4JctEW9WD+NkfLpEmY2EicWIvxdwjmpU716iHqUwWULmLxIJMES2+sTOmCvZcYUlWNUFSVjqIfaqKCNG9ku667Q07YCvXfBbikJek0a6gSBG4MeyR5gwRImJGPH4HdKCTbVgACSTTcAAbk6aAYsFXh/FXKU2DnqLVYd1KCoBWtmcGJiF7jJGQDdcIrYcRdSc0LUoh5arSXNSAYbs0wFYym4DKSNRgIilwK5afuLiFLwVIJACsSoI17WDfDXHC8DujMW1YxvFNzHdl8h+V2/HTFiThnFFH3zKtIQx+UUQKeRUGV2z9hgIAp3yxrlMcrw/i2UFS5XK1Tsq02AHZVJIVtG+6U3AOsuI1wEBV4FcqoY0KoESex9O7LrpprH0j1x4/BLob21YSSNab7r7Q23HmMWKpwvi1WiCWZ1qQpp9WmX7zTK5qWbMoJqUzqNJBMCDhjxK94hQ6ZeuxD5mpslVKinuGeGQkAhlE/AeUYCNr8DuVIHQqHN7JCOQ3aWIBjUgBpj8k+mBuBXQDFreqoVSxzI66KYO48tZ9IPpgbj90cs16hyez3Ht7Sun9kkfOcFTjlywcGu56k59T3SIM/EafOfU4BK64XXpANUo1KYOgLoyjXUakfH6MMMP7riteoi03qsyLAVSZAyiB9En6T64YYAwYMGAMGDBgDBhza2r1XCU0Z3bZUUsxgToqiTpJxIfwWv/wDwNz/6NX/TgIbBiXTlu9JYCzuCVIDAUahKkiQCMukjXHp5Wv8A/wAFc/8Ao1f9OAh8GJkcr3xAIsrkgiQRRqQQdiO3Da/4PcUADWoVaQYwDUR0BI3gsBOAj8ejEz/BW+6XW+R3HSic/SfLHrMbe/bDKy4dWrtlo0qlVgJK00ZyAIBMKDpJGvvGAkeG8z3FvT6VJlVO+exSSaihSSSNwAIIiCAcOr7nW5qiCKSgqytkTKXDpVU5tfIVahAEAEzGIWpwqutUUWo1FqmAKZRhUObaEIzGfLTXHN7YVaLZK1J6bROWorI0HYwwmP8ALATF/wA33NXqdwp9Vw9Tp5kzkF/a7tQc57dtBjv+GlyCSvTQs7O2RIzMzUmJOupmkv0v+UcMbXli9qUutTtK70t860nKx5kEDUDzI2xDnAWleeLsMGBpggg/e1Iyh6jBIOgpjquoURCwBoMMLXj9SnTpU1WnFGoKqNl7s4YGW1htgNRsIxCjEnacAu6qh6VrXqIdmSk7KY31UEYCRtub7hIIFPOsAPl78q1hWCTPsZxtEkSJjCL8z3DNSJZSaKOiyo2qKVbNHtHKcoPkAPTDapy3eoMz2dwqyBLUqgEsQFEldySAPeRhK/4Lc0AGrW9akCYBqU3QE+gLAScBJ3/N91WR0dqZVyT7CiJZGgEeQKLE+/1wsOd7kVOrFLqE+3k7vv8A14mfZz6Rtl7dsRF1wK6pJ1KltXSnp3vTdV7tu4iNcLDle+IBFlckHUEUakEHbXLgH1DnW7SmlMOsIuRWyw4GR0BzCDmCuQG30X0xzec216oOZKIYqydRaYDhak9RVIMANLzpP3RwIBOIy+4Jc0VzVretSUmM1Sm6LMExLACYB09xwhZWFWs2WjSeo0TlpqzmBuYUExtrgJhObbkKiyhFOn00JQEhCuUgH0O8euvmcLVud7xt3WZJnLr9+WrEg6gFQoHkoC7AYiRwK66nS+TVurlzdPpvny+uSJj34WPK1+N7K5AHn0av+nASC88XgBGZNf6PoWJG+gJIJHnkT8kYTuOcLpwwZkghwIRVKioqqQpGoEIkTJ7RiAekQSDoRoQdwR5RiS4by1e3CF6FrXqoN2Sm7LoYIBA1PuGuAeXXN1d1qrlpKK4PWyIFNQmO5jPtCDEQBmbTU47oc7XqEEVR29IKGGYBaKhVUK0hVMAkACSJxX+g2bJlOacuWDmmYiN5nSMOr/gtzQANa3rUgTANSm6An0BYCTgJteeboIoXpKykHqCmOocvTjMxJn71TBMSQNScQ/FuLvXFNSqIlIEIlNSqjMxZjBJMk/sHphM8HuBS6xoVRR/2vTfp7x7cRvphtQoM7BUUszGAqgliT5ADUnAIYMSl3wG7pKXq2temg3Z6TqokwJLCBrgtOAXdVQ9K2r1EJIDJSdlMbwygg4CLwYXrUGVyjKyupylSCGBBggqdQQdIw8vuB3VFc9a2r01mM1Sk6LJ2EsAJ0OmAjMGH/D+E3FeehQq1csZumjPEzE5QYmD9BxzR4dWeoaSUqjVASDTVGLyvtDIBMjzwDLBh1e2dSi5SrTem4iVdSrCRIlWEiRBw1wFx8I6qpxe0ZmCqGeSSAB9yfzOPqoXVPJnzrk3zZhlgb922PiUY+jeD/wA02/Ra371TAWrleur3nEWRgw6lGCpBH3hfMYfXvMlmFdTd0QwDCOosyAdN98Zz9jb/ACW6/Or+5iI568IulTvL43cwalXJ049pi2XNm98TgNj5auUe2ohXVitKmGCsGg5BvB088VnnLh1C/veHUmZHWlUq1KiAhvvarCsAdBmgEH3jFQ+xp9i9/rUv2VMRfhpcKnMl2DH3RrlR8etm098KcBtf27thcC1NZPlBTOKU92X9m2sbxrtjOeU+CUrPmS6SkAEe1aoFWIXPVpZlAHsgMDA8gR5Rixc3+H63lcXlCvUtrxFhai6qdCBmXfYkSDsfPGeeDXDK9rxu6o3APVW3fMZLZpq0TnDHVg28+/AJc5H/ALV2/wCdtv2Jh/z/AMDF9zJbW7AlGpIan9ROo7CRtIGX+0MMOc/512/521/+GNDt7XNzHVqfkWSD9esf9OAtZvLelUpW+emjsp6VLRSVTfKvoB5Dyn0x88eOPLaWl/1KahadyucKNAHXSpAA0B7W+LHbE/z3xBxzTaQY6b29Mf1ajy309Rvpxo/OdpPEOEVfNK9VP/Ut2J/u8B8ojH0z4FXNP7VUkzrnz1O3MM0Zz+LM4zn7Iz8JUf0VP76viO8B/wAL0/zdT93Abl4i3aC0NPOuc1rYhZGb+WUT7O+Kd9kh/Irb8+f7tsVnxc/nDa/+X/vTjWufeTKfFaVOlUqtTFNy8qASTlIjXy1OArfi/wDgD5qH7VxdeF3tOjZW71aiovSpgs5AElFjU4qPjVQ6fBHSZyGis+sOoxKcb5Z+2XCaNt1enmSi2bLm9lVMRI3wFQ8feL29fh1JaNenUIuEJCOrGOlW1gHbFO+x6/Cjfo7/AL9PEP4k8i/al6K9fq9VWM5MsZSB6md8TH2PX4Ub9Hf9+ngNCon/ALVv+if4Li+1OO2y3AtmrotdhK0iQHIIJEA77Hb0xQqP87H/AET/AAXDrj3IFa541Qv+pTWhR6ZKy3VLUiSBGXLBMfjbTgKj4ycoirxSz6MK18SjwPxqbKC+4k5WH6nvxr9Opa2NOhQzJRUkUqKkgZj5KPVj9ZPqcVjmhw/G+EU9CUW5qMPMA0oQ/rA/RikePl4Rf2CgkZBnkHzNUQfcRl3wCvjBy4tLiVjeU1gV6yJVIgDOjoVPxZZ/Uxd/GLg3yrhdYKJejFZN/wDu/a0G/YW+rB4sUVa1t2Ikpd25X3TUAP1E4t1Z1ZmpMshkJIOoIJysPrH04DIL/wDmhT/qL/xBxkvIn4RtPz6fvDGy8z2Jt+WalAz9xd6esSRTvHVTp6gA/PjG+Q/wlZ/n0/eGA+lfFa1FThN4CJy084+KEMP2YR8IbM0uEWikQWVn+apUZ1/9pXEvxpGr07y3H41vC/GqtVf2qMIcsEUqdpaqZFO1Qn5sir+xsB8+CyNbmN6YAM8QckHYhbhmb6gcbf4zWfV4Rc6+xlf9V1OMv5JsurzTcGJFK4uqh90PUUH9ZlxrPEKjXtjxKjALDr0U9JFOU29Cw+jAZ99jRtf/ABof/dh6eDfJ+a0ZRCXFNqogQJKMr7DfMpJ/rT54YfY2tC35AmOiY9dK+NH4xbLVueHXiCQrss/0K9FiCddBmCD+0MBgHjX+Grv/AHX/AA1LFGxefGv8NXf+6/4alijYD0Y+jeD/AM02/Ra371THzkMfRvBv5pt+i1v3qmAY/Y2/yW6/Or+5iv8APHi3Wqrd2JtaYUmpRzh2nRisxEeW2LB9jb/Jbr86v7mNBuuT+HHOxsLYsZJY0aZJJkkkldTOAzX7Gr73e/1qX7Hxn9WzvanGLl7GnUetSuajAoJynrtBYntCnY5tCJnzxov2Owj7YeX3RP8A7MQXh7xtbbmG7R2ypc1a9ISYGc1yafzkgqP62A0PlHxE690bC7oGheqWWAc9Nii5mhh7OgJgyI2JnC/ycLzGHEd/DjPrK3KiT8xA+bFiPL1p8p+V/J6fyiI6uXv9nLv65dJ3jTGZtzjSPM6gOvTFH5KWnQuWL77T1IX5sBC84UieareAfvludvJQpJ+Gh+g40K2uo5irU/y7JD+pVP8AqxaKvA7Z7hLpqKGui5VqEdwBnY/O30n1xiPGuc6dLmUXAf7jSIoVGBMFcpVydtFdp9OwHAK892Tnmm1hZz1LZx/VRhmPzZG+jE/9kHxapQp2XSdkqdV3VlMEZECmD5ffMaNW4JbVbildNSRq1NStOpuQra7+fnB8szRucZhxnmFLrmWyooQyWpdCdwXamxqRBjTtX4qfTAYlxTite5YPXqvVcDKGcliACSBJ8pJPz4ungP8Ahen+bqfu4kfsiVA4lRgQPkqbfnq2I7wH/C9P83U/dwE34ufzhtf/AC/96car4j86/aqjTq9DrdR8kdTpx2lpnI07bYyrxc/nDa/+X/vTiz/ZHn+JW358/wB2+AlPGmv1OCO8RnNFomYzOpifPEnzDzM3DeEUblKa1CqUVysSB3Ko3GIfxf8AwB81D9q4uVhw6jXsrenXpJVTpUiUdQyyEWNDpgPmrxB55fiz0meitLpKwGVi05iD5jTbE99j1+FG/R3/AH6eLX47cv2dtYUnt7WhRc3CKWp00RiDSqmJUAxIBj3DFT+x6/Cjfo7/AL9PAaHR/nY/6J/guLva8dD3tazKw1KlTqhpnMKhYHtjTKQusmc3lGKPQ/nY/wCif4LjqrxHpc0qhJivahI9SMzif1TgK/a1ayc3Zarlg2cIW0imbdnRVG0A9vvMnc4Q8fbY/bCxb8tco9e2qP8AUMK+MVU2PGLG/CyMoJ856Tw4A8jkcfOcavccMtL4W1wyLVFMitQfXQkSp03Gxg+YHpgIHxYrqtrbqTBe7two9YqA/sBwtzDxf5Pxbh6k9txTuKR3iZoshj1lY/tHFG8ZePrU4hYWiNPRrJUqgeTO6BAfQhcx/t48+yGu2o3HDqqGHpmo6neCj0iNPiMBcPGdAOD3MCJKH5zUUnHz1yH+ErP8+n7wxvviverX4FUrIZWotJ11nRnUjUb4wHkP8I2f59P3hgPp6hdf9bV6Rb2rSi4X+rXuFY/+5cc2dzPFa1OABTtaMf26tX/IYhLi5yczU1j75w8r8IuHf/4495Wuupx7ivdIRLdB7oTuH6xbAVvwpsweOcXq6ylWsg9O+5Yn9wY0rgHLy2ouAtSo4uKr1TnjtNTcLAGnxnFN8PgaJ45c6aXlxA/NZm+vOPowy8HfEG64jXr0bkoclMOmRMuzBWn19pfowDfwFtejccVpRHTq01j0ytXGLd4V8WF3w6nOrUGai06waR7d/wCgUPz+7DDkK0FLi3GlHnVoPr//AESq5+tiPmxTvsfuM5bm7tDs81V+KNlYb7kMp2/FOApXjX+Grv8A3X/DUsUbF58a/wANXf8Auv8AhqWKNgOhicTm2+W3+Src1Bb5SvTEZcrTI2mDJ+nFzNdFFQZ5lTmy9gOVtNyMwMAwRMeUjDe2FS5q9JSM7hmA3nJTZ4G5JIWI3k7egVHgvNN7Zqy21w9JXMsFiCQInUemJI+I/Fjob+r/AO3/ACxf+F8n1WILUs80xCxA6k0nKMRH4paKgmc40OU4q/GWqWdRqbUnpOBoHy5oIXKdJEjLup19QZkKtwXmi8tC/wAnuHpdQy+WO4iYmR7z9OI65uWqO1R2Jd2LMx3LMZJ+JOuLnwvjdMrWBpKAaGUBY9oAID3anRmYwZ00w6rX6iiK2bPlrqjMFgd9BWG4mQaTAGPL6Qgz4g8UNLom9q5CMu65oiPbjNt78VacaC3HEteItqMqXYYyNMnUfNIA2CkY8r3IpcaimPua3QqaLIFJqgqHSNFCMfgMBD/9IPFOl0fltXIVy7jNERGeM23vxWMan4pcPuHvzbU9elSR6aBVGhXvOaAoAykyx3MDfDbhHEjwxxWZUuzTYq4KsOnmbIWUONSctRM/vUaTBCsWPPHEaND5PTvKi0gICiNBrorEZlGvkR9WIfh3EatvVWtRqFKiElXG4JBB39xP042rm7mWyurSnV6CILjOiOApOanlyh0WGjMasTIBVW10GM1Nnc1LipTpEovUczsFXOdT7vQYiIXjnGri8qCpc1WquqhQzROUEkDQerE/PhPg/Fa1rUFW3qtTqAEBliYO++JvilvcW5DF0rqIklQ0RsCDsPeD64mOC84M5dWooEqKFZUAGWCe9ZIGbKSI7RoD64aaqXEeO3NestxWrM9ZcuVzGYZDKxHodcLca5qvbxVS5uHqqpzANEAwROg9CcPOa7qWyouVCBv7bAbSfQGTHqT5AQ65Wt7VRN4rKGHawfKdfOPMe4jXDTUZxLm++uKPQrXLvS07DEdvs+XlAw8peIfFVUKt7VAUAAdugAgDbFrvbBBTYUaq1aUdjKMwZX2UwJVwR9Wvuot3Qyt3QAPamJ0MQAPPDTXXG+bL68QU7m5eqgbMFaIDAEA6DeCfpw04Nxi4tKnUt6rUqkFcyxMEiRr8B9GBLhqlWcoM6AemkAD5sXngPCmqMjZcmaRAAAMKjDQeWrGff7tGlqpLzffi4N18qqdcrkNSRmy+m0RthOtzRePcrdNcObhBC1ZGYCCIGkbE/TjbeD8pjqpm1Hvxfxyzbx7A+gYaa+UeOcy3d7l+VV2q9OcuaNM0TEDzgfRh3wfnS/s6Zo0Lp6dPXtGUgTvlzA5Z93qT54+oafLFuAZQa+4Yxq+qW1E3D1KFux69wJejTdv5TViJQkwABrtp5YqspN5U6nVzsambPnJJbNM5iTuZ1nD7jfMd3eFDc13qlJy5o0zRMQPOB9GGvFLwVXLBFUeQVVUD5lAwywE1W5ovXthatcVDbgACmSMsKZA2mBiMs7t6VRalNiroQysNwRscIY6AwE3V5vvmuFuWuahrouRakjMF102iO5vpwWXN19Rq1a1K5dKlczVYRLkTvp7z9OIemk+mJKvVQUVUZMxPcQozADYZo+O2AXHOF8KdWkLmoErs7VV0hzVMuTpucM+CcbubNzUtqzUnZcpK7kEgxr7wPoxaOVPDS/voZaPSpH/vavav9lPab5hHvxufLnhtYW1FUqW9G4eO6pUo0ySfcCDA+cn34D52pc+cSWo9VbyoKlQKHbSWCZsgOnlmb6cRXCuL17ar1qNVqdQT3rv3b/TjXvGrkelRRbq2o06dMdrrTRUAk9phQAddJxktAL5qJ+AwCPFeI1bmq1avUNSo8ZnMScoCiY9wA+bDPLjffC35DcqEq2Nqzj8c0aU/P2SZ9Z8sVD7W2/8AsaX6i/5YDqtY2qFH+UVGpkgsUSmKiKWAMTVymZymQdM0qAQcXq2s7a3FveWSpUFKVrZHFUssHOSVJy1AsuNYOUrrK4w7iNQqTB0+P+GJLhPF66ipUoqoanTl8qOM6aqwfJpoGnMx8hB8sB9GUrgVXJpdPNCZ3MsmVGZqkFWAEOYBncNvGlN8Y761uLUNSNKvUotPawLqpiSIOqzE+WIm95Hv7una3NvUoVadRVuKlCooWj1G1gU1EFYZhv8AleZxbOE+HVJKpuLmp2hGC26rTp0KYellqdqCCBNSPcQTJk4D5/4RRapXTpqCXYgAjtk6AdxAb2hAnzGJkVqFWndBXhM9Gq2SkqBQKVSkxRGMECpVUZSRI1BnE1wrghtrxLmllSmtSogcVAZErSkoe5GGdqp1jINNRqx4jbxxG7tGH3ym9KguiKoYdahTiNW6nTUGdW9cBBc525+W3JldCrRO+dVMD13xOVuK06drSrdrioDRYBT1HejSpSzs4hkUOoVIgPDEPlgxXP4X7YVgAPYpRuNehS19/npji2sFq8Kq1gSaltcIMsntp1lIJyzGrqgmJ0GuAm+eeN0ql7b3AzFRbUngGMz91QAyDp1DqN99fSvU6dS4uq7USrIzOWLutIFHY79Qj4+cEA+WIi5qgrThiSFykEREMxEGTmEEawPSNJLUHAWPinEKTFKaSwpTDiFWo7DvfIqA6sECyR2ogIkk4ecWe4NQpS6i59akaqBIickwAZJGK2lVY9jXX8YjcR+3X6sbTb0qJthTyIzGBlCmCYmBBGVQJJI1OsxGM1Kr1fh9sD0Va6Zcsi5Nem1NmK/i20GVz9uUd3vw15O5RqJd0+qohpzKQQCPJhMGD/ji1cE5R+Tw3ao3ORVBPuzRMe7TDy55jtbOstWqZJHaigFo2mPTcjzMYVNQfO/Iue5PTlcwBUKFIA8/aZdu4xM7fHDanXo0ai0K1rbfJMkMrUH+Uk5ACwrgZc2fXMHgDyGmLcvPNpeXCrTbLUT2ZIAcEjYnY/8A7he54db3ILFRqdRqDOx21B9+hwFT5W5QrUe7PTeixzLLurKTt2xkJIjuEH4YofPnDjRuWEQCf242ez4tVoBqRAYDSNldfUDZXGxgQYB89Mv8SagqV1yyTl0A1JjAUWi+VgfTGqeGV81ZyuQZUJJqbakQqjYbeQBO2M94Tw5rmqtNFCzuxPYvvY7D6d4HnjZeW+Wadu6EVGqwoy5gAq+9VX19TJ9+FGhWFGHXFjxU7uq+WVMEYg6nEbttOpscIa0c4+QOdbpvlt2k6C4r/XWfG9PfXkaVfqx8+85/hC8/Sa3962LFlQuDBgxVGO1GOcWTknidC2uFqVUDwdJAYD5jgJ3knwwu74dRlNGidmYQW/qg42blLwwsrIhinVqDZngx8BGGdj4qWzbgAAxuB9WLRb822jAHrIJ94wE6FjHWK3cc72CaPcoD8R/yce2vOthUBKXKGDB907a7eRwEtxXh6XFJ6NQSlRSrD44+T+YeEPZ3NSi+9NiJ9R5H5xBx9YU+J0WClaqHN7PcNcZB47cF71uFXdQrfETB+jTAVrw24nUp3FNUZgGIBUbMPQjzxx1v6J+jCvhhYirdUg07jUAGCNt8e9M+v1D/ACwFJNBSKiuYf8VdZUwCGP4uUiRJPboSNsav4P0+F3FELUtaSXSSSxZSagTXOKZYkQCNcsSNDOMyoXyPUNOnSFKkEcxOZmORoapUMZonyAUem5Lq14ZX4fc0WFZaVWc9G4mbWogUyRVGpB2jKZzgdukhsPh3zHe17enTt+HqKFGKYrVappq6roCqhGJaDPmuh1GLrzVdLStKzt7IQ5vhGunnpOnnjD+DcWvb66akcnECVnurVadmqaSDSKIHKsw3DbgQYnEp4mMlla0reaHyirOanbBkUHLCsylycolVXMNcp+GApHNXHbhaSWwCLRZQ4IVc792oZvNM6mFiNBvvh/z3cv1rDiS6m4o0nYztVoEBp088qnXfXEVx3hNepQt6/TijSoKj1ANAVrlCW95Z1gbwVOk4f2TU7nh62ruKbU3mg9TSm0ljlL7DudwdjLUzMIRgI7nZ0+Vmo1NgKlOi4EgEDoIrCfVXV1O+qnY64ZcucYa3S4C0qVQVEXMtUMVIWoumUMAdSD6jLIIxO850WrUKFfptPcM4HbLZHKCB35ahuACO3LlIYmQKd03VSSAAwgZoDakGVB1jSMwERI88AldVAzlgoXMScq+yJOwnyGFndHTWEZFAUKp79dSxnQwZnzjDNROHL0GQ5WRgQSCDK+mkEaH/ADGAdWlRaatm1JByjbKYiTp5gnbXbGkWyV6RVnpkLlBBlTAeNwrErMbNGm2KhaWXyqgxKZKtujPmKsFdVWYJiF011/Ye04TbdKor3dVKIIlA4qu2UzrTWmjCJ01ZfPEStTseItVGQee/pinca8PLipcVagrqQzEpuWA9DoIjbSdsPE47ToKaimR+KxBQkeuU7fDFV43zreXJikXp0x5JOZiBu7Df4bD37mRJE9ZeFVR9Tc5CI1K6A7+R+jGh3tk1uilaheFCktJnKAAdTpOMWteYuLKyula5lRAADFI9DTjKd/MYsNpz3XqnLVTISPIEKT7p2xVWbinF+3+l5A/PPx88ULj3VqNmpKxdDOZSZA94B0AOU5vL58O+J8RDPodN/wBk454PxoQ6raCqVY5maoFUAiJGkq23snaMRF25SYW1FFVFhyWLIoGbMS241KgGB5QMT9sR1AVQL8AAD6nTzxA/bJ8qEgT5gaAfDfT01OJ+0dCAxYA4Il724IQk+mI3hjZ1LYZcxcWprSbux1yvfU2og5hgJlUkH/8AcfOXOf4QvP0mt/etj6GpXtOT3j/n58fPPOX4QvP0mt/etixqIbHsYMEYqvcdDHgx6MBYODcsXVwuanTZh6+uLHydyHeXVYowakqGGLTp6wJxpPh1z7wunY0abXCUaiKA61AQZA1IMQR8MeVPFyyS5qqmequcBTTQtn7Fkj17swj3YCF4r4MVzUHSugyEbuIIPpAmcM7fwqu1oVKj1wGWQlICZhoknb1OLkefb+5ZRY8LrdNjl6t19xAbU+ypMrA3nf0wpwbhPGHV1u7ilTV6vUmhOeGJzIpcEBAIMETIjAYI3EK9GuV6rdjEbnyMHY43DjP8c4UpaWY0pn1Kjf4747qeEfDV3FQszSCajkk7wRmiDB98nE3wLhCrTFE063SVSgWoQVUT5HzkMJ39n1BwGfeENuRVVlUMAROvr5j4aHENmH/IxufD+XrWj96orTnyWR9EHT5sYZ8nHq36xwGXrVZSSpKzpoY0PlpjqrcOwVSxKpOVZ7VzHugbCTvG+L7ecqW6qQASx8i0sT6kgQuvlhzZeGoq90tTEbTP7QT9eAzipWZlVSxKoIUE6CTJj01w/wCAtlNRlBNTIVphScxaocmkAycpYAbyRGoGNd5Y8L6C1lqMocUyDleGRv6ytoZ102xIcQ4FStL9q1NKeSvUpkrlC9JaQBPSIHYT3GRr2iCDgGXCjSt6Ffhl3QFRS5AYSDqqlYVjII0I1BBPliE4XypZNbFFrqajozqtVSpVkUEnQsKcFKq5e/VTMzA0XiXLlOvUzqgqRuVqZm0/KNQSW8tzsMZ7ccEdri4pKvSZUerTAGUZemRUSdpYidNiQfOcBUODVHoU69tVICOQUYfiVVWVYVFOZARlUiCDmkjtOIXiddwOlkNJNGKSSWYSMzM251K6QNIiQZ0PgVC0uaw+UqSte3JXIBJamx0IAgGG1+Hrip8wcd6ttTtCARQq1CjlQKmWAEUt9Ob1yp5zgKkcL0NSqliFmTroPUgesD6sIHDihTJPsswUSwXeBuZgxHrGAkTZVaaNUR9NjkZgQGViQRp+KCSPLz3wULKimZqzezsiMhLaAg5tdDPkp85IwrQvqbU6oZVR8pyhQ/eTvLS2uxjRdPLzjbS5VXzPTWoDoVJI+cEag+/EEvW431WXLTp0Qn5OYu23tM5MxHlA1OmOa97dVHPSzj3Usy/Umnz4j7u9Q6UqIRZnuOd5jXugSs6xGJWx5samICge8YI4ppfVAZW4qRvmZyANNx82FLu6qFR1A0qNJ8vh6YXXneqCDrI9CQfpxDcV409dpIAwTri1qszRO+OuH2tR37FLBDqROnv01G0z7se8CCl+4xpoffhS+sAC7SPahfnPdHwlcQW3gFWo6ZsxZdQNVgkaFpI1YnefdiMvWuWrMFcgA+un1GMTPB74U1KKI0GUgwBAGY67homN5w8etReRWpTP/eUiKdQe/NBDf2lbERUeNcScLkJk+euG3CeKFEK5yCdhmxJ8b5Qcy9rUNdd+m2lcf2RpU/s6/wBHCNvePb9NEbskq6Mq5WaATnQju1JUZtQBGKuIKvf1pb7own0Jxutr4ZW1273DmC9a4LeZJ+UVo02gAL8dcZLc1bVy6V6Yt6kEK9JCEB9KlKdR/SWCPRhpjRR4ltaVqlCFinXrqZnX+NVCPh2kDFixOWvhJZBVkljOukToNNQffhep4T2DCsTTiS+UkmFEqVOn9rFHuPFmqUAzSwO+o0yOp295GG9z4t13zgAqHB3YmJQA/WJ+jFVeH8HeG5lksPUZomHE7z6xp6jGd8e8M3p1G6Tr01MdzAt99KbD00JGGF14i3LR3mRmiNPaykfQRhlc863L5+8jOSdzvnDevrgLnwPw4s6ZK3dwHZk7QvaATIH40nUf/gxIcD4Fwy1elXzqzA6gsxGqiCNdIILA64yivxqsxkuTHvPqT/ifpwgOIvly6RI+oEfsOA+h7/xJskR0VRAbSCVDd/dsJHniJ4h4pUBTyUMy9hAJJb8UhZLEsSNDPrvOMFaqTOuOC59cBulp4xJTCApmEQxJbN5eZn1OGt/40FgAtOO4z5ggqwGkjYx9GMUnHtNZMTE4DVm8Xq066gOWjUSGJJE5jpBjyjFD/hAPyW/Xb/PHp5bbpJU6i9+aAAZhTEz7ziH+Te/AbLynw5qzhm9f8sa3bcGXIBsYx83cK8TLqhGSlQ09Vb/VidHjpxH/AGVv+q3+rAb9a2pQQY+bEHzhlSiagUHpnb1zAj6pmDpp6xjHv+nXiP8Asrf9Vv8AViN4v4sXlwmRqdFRIPbnG3r3bYDWeSBVyqtNRT7RLRmBMDXU7/DznDrnfhopUxdMxPyYmofVlg9RNNwwifgMY1wnxWvLdVC06JCgASH8lUfle76zjrjni3fXVNqbpRCspU5Q3nEnVt9PrwDr7cWdCpTrPLo5Y5UIJErDb6akD5119cZ9xBi7vUCuEJ0zSYB9kE/DCL1Cdz8PdP7MOE4gwRk0IYAa+WXaPfgG1aiyHKylSPIgg6iRofdrhNRhzdXLVMuc5iogEkkwNhJ3A2HuxwlUgEAxO8HeMBN3fLlWmK7r306D5S0FZBLBXCn8Ukbz5jyOIp6PYWI1zAfDT0xPX3OlatRam1OlmYFc65gQpIOUKDlA0B23kmTrivPcllIPmZJnU4iO6lsOmHBLGe6BKqPIE+RPphljtGjHLYqvMergy4AMA+tyDAG5OH1zcZgiDbN9QgD92fnxEU6mXb4YWp3ZDK0A5QBG2wxMRZbxow8s7o5BisXPGGf8VR8+OqXG2AjKv0nExMW+04iJg6j0wlzaBcU1KJDpLuQTmZQAJgaMRB13id4xVE424M5V+k4Vo8x1FqdTKPLSfT374YYVuz18oD9ZgpCKCVaInSV7zptMmNsNuc/whefpNb+9bEfXq5nZlAWSSFXZZMgD0A/wwtxi9NevWrEBTVqPUKgyBnYtEneJxpoxnHs4MuDLgDC1CizGFVj8AT+zCMYs3KXN9WwfMlOm/n3T+0YCc5f5Ho1K6U7ipVQVKeYZRlIaYgl1IPqBi92Pg7wxqzJ8ouGyqrFewDun8YLvpt5SPXFdqeO92dDZ2x+Jc/8AywL47XQ2s7Yfr/54C92vhhw2nSqZbRmaGCtUJqsROjKubL7xABxRbjwUujUMVaNOkPx3LTHqF/zP+eBfHi7GgtLYfA1P8Gx5V8dbtgVaztyDoQTUj6M2Ao3N/K72FXIai1UYSlRdmHwBMfTiAxN8zcyPeuGanTphdlScoB10B9+Ii3rZXViAwUgwdjBmDGuAtFS4KqEMjpjKR8N/r1+fFczjHVxxFmZmIEsSTv5knf54wyz4B3wq6FKqlQoHCMCVMQY+IIn0kET5HbFr4lzvSqlv4mO7qAsWXMy1smbMQntQgAYajyxRsGAvF/zwlRiws6Qkkx2ka5jI7JDd0TMQqiNyWdrze1OmqLSU5KYRMxzKDAzHJH4xEkbGdZxU8GAudXnFDmii2pBgspECozinoo+5rICjyyjygBZ+c6OQKlsRChfaQZwFZVDwmoRSpWI7lBxRsGAu1TnUMO6iS3dPepVs1RWXNKSSgGVfTMdtQU6fOCBWHyVBJQwMoVshnvGXUnTX3belNx6uAs9DmVFrdX5MhlApXty9vSg+zr7B0P5Rwra82hab03odRXesQC5CqtcJKqANCMpg+WdoGpwna8LsqgRflIR26aksdAago521CgBC1UQT+Jv545bg1mAf+sAd5ikY0dAsS8klSze7IR5zgJLiHPCVamc2aCGkCViMwYKe3UZgddDDROghpR5uCs5FCBUqGo6hoBJNFto1Aam5E7dQ++ULbhlnFTqXAJR9IYDOhpMZAGbuD9MQGO7bxo7q8K4aHK/KpXVldW0jPSUKVKk5o6xOo2G4iQWtOeSja0Q6QwBMdQF63Uz5iDBA0gROhJMYRp83qEVOiSVNMlsy5qnTfNFQhdc3snfREmSCxRtuEWJrMr3QROwoQ2cdyOagJABOVwANiQQY10Rp8FsyJPEFGgP3ppEids2sSAfOZ8hOA6suaAiU6bW1OoqK4M9rNJYp3qJGWYjzBMQSCHKc5LlKta0jmGVyIBIZVWoR2wGIDRMgZvOBhonB7TKwa8Vai1HH5alFDBdEBBZmA1DkAMDh4OA8PgKOIqXaoAHyQMpTzUuAO47lo0O3mCd/zWKhBVXBFZK3tCOxEXKIEgdp9fLaDKzc6BpzW4LZXUNnlvuhBLEsDLq0lD5Zm3w3HALMHK3EKYOpLBc3uAgNGupmdNBhHhXDLSoClSuEqh8mY1AKeoaHBywVDKg1IkMTI0gJBueZz5rZSrMSEkZFmnTXRMsDVWbT8s49XnjuBNNgA1MhVcRFOtVqZdV0Uh0ED/ZL7oYfaezBp/x9XDMc46eUgBWPtZjuQF9Bnnyx1bcAtHUTxGmrHXKacQMgYgkuBm3WPNhE6jAdWHNS0lI+Th269SursRu6BVVxEsqkZ4nf6cKWvNdOnVqOtvCMbYilmBSLUKMrEiWzRBJ8iZBJBHlfgNkQCl6o0HaQpzHpzmzNUXJmqSkMBlgE6EEsrWwtDTOev3k1MsNGi0XKZ1KmM1QU1EEzLTEDASdHnKmpn5IpAYMMxUkTcJWqA9gBzZFQaaAaRJGCjzoMyk0SoR6LAU2AJFEHtYkGQWMxt7hM4brwmxNL+Ur1sp0zALmCSPaUDWpKQT7MPM9uG9vwm0ZRmvVUsqsewnKSpLJlzawdCf6OgM4B1Zc1LTp5DSLkmqZYrA6zIcwBUwy5O2QdXY6jTHa84oC/8Upw4bQZV1PUyt7B7gX38xI89EzwWwyAfLlzljLZDAULoMoMTOsk7GNxqhbcKs1eal4DT7PZXVldSWIhiVKnTIdSYkAHAPL7nAPVSpkc5Lk18rMI1CwogaZcoCzMe7bCX8KqcUptVJpvQqFs3czUERGnSIdU2M6sTrOCw4PYA/drxSB5KCJIScoPkpcxmiQEP5QwjW4LZjMwvhl0ygIC5lQxEF11BOWTAJVttMA7p85KFZTQFQsagzORmKVYJkgTmVgcpJIhmEbR3V50Ug/cT7IEFlKmDWJRhl1pMaolYBilTEyJxUbukEd1DBgrEBhsYMSPcd8N8Bdl53guVtlAZswUGEDCrXqIWUABoNVPj0h7oa23NIpJlpU2QZ67BM5yqK9IoqyIY5DlMnUkbjFTwYC9JzxTBH8VzwyOMzLKlHd1UdnsKWChdsqxA0hChzjTUAfJFMBVEsCIXuBIKnvzmr3fk1WUgwpFMwYCa45xVLgUgtEU+kuQEGSywIzQB3Zs7EwJLnERlxxgwBgwYMAYMGDAGDBgwBj0HHmDAdZsGbHODAdZsBbHODAdZ8GbEnwrgta4DdJQcpAaSBGYMRv65W+jDr+C11E9MEecMugiZOug3+j4SCfAeCm5zxUVMmWc0bMSJAkTEeXrh9T5MuGqLTD0u4MwJYgdupkZZiCO4Apr7Whhp/Bm4LZYSe38YAd5cLqd/YY46/g3eAFspAKTOde5QDPntCkwfIYBenyo5NICqkVHCE75CdiQs9u2vqdJgwq/JlfWKlI5MwbViAVLAwQpDdwjTXVSQAQSwPLF2CQaJEbkkQBJG4PllMx7vUYVHL13SZR97NRhTBDxOcqpBK+UsoM/XgHbcj3AEmpRAyu3tPqqOVJByayQY9wkxIlCnyjXbNDU+1nGpcT0zBOqQoPlmggamBrhG95brpSNQsjqizCsxIGYjRSBAk5vgZwonKVwQY6ZIUNlzdxlZWBGpO3xBUwdMA141wR7UIWqUnDlgDTYmCoWQcyg7Mvx+Y4hpxZG5QuA+QmkNDDZu05aq04mNyXpsPVXX4Y8HKdfMylqQZVDEFjMF3SQAstqhMDWGXzMYCu5sBbEhxDhj0hLFT3vTOWTDU8s7jYgggjfX0xHHAehsGbHODAdZsGbHODAGDBgwBgwYMAYMGDAGDBgwBgwYMAYMGDAGDBgwBgwYMAYMGDAGDBgwDqjcOoYK7AHcAkA/H1x78sqd33R+4d3ce7KNJ11wYMAmarGZY676nXz19dcerUM7nXfU+W37BgwYDyT26n3a7fD0x0K7GAWJB3EmDG30YMGA8FVs05jJ3M69wg6/AnHB2wYMAEaY7ok+RI+BjbbHmDAevUJBkkxtJOmEDgwYDzBgwYAwYMGAMGDBgDBgwYAwYMGAMGDBgP/2Q==",7,"21,000",tt0096251,#######
9,National Lampoon's Van Wilder,2002,R,05-Apr-02,92 min,"Comedy, Romance",Walter Becker,"Brent Goldberg, David Wagner","Ryan Reynolds, Tara Reid, Tim Matheson",The most popular kid on campus meets a beautiful journalist who makes him realize that maybe he's afraid to graduate.,English,2 nominations,https://m.media-amazon.com/images/M/MV5BMTM4YjQxYzAtNzAyNy00Zjk1LTk4ZTMtNTUwNTBjMWY1M2IwXkEyXkFqcGdeQXVyMTQxNzMzNDI@._V1_SX300.jpg,6.4,"106,761",tt0283111,"$21,305,259"
10,Wild at Heart,1990,R,17-Aug-90,125 min,"Comedy, Crime, Drama",David Lynch,"Barry Gifford, David Lynch","Nicolas Cage, Laura Dern, Willem Dafoe",Young lovers Sailor and Lula run from the variety of weirdos that Lula's mom has hired to kill Sailor.,"English, Spanish",Nominated for 1 Oscar. 5 wins & 12 nominations total,https://m.media-amazon.com/images/M/MV5BMjAxYmJhMTMtNmZlZi00ZWJlLTlmMjctOTg5ZTg4MzZmOWM2XkEyXkFqcGdeQXVyMTQxNzMzNDI@._V1_SX300.jpg,7.2,"89,450",tt0100935,"$14,560,247"
